,keys,values
0,max_depth,5.0
1,gamma,0.3469237108180069
2,colsample_bytree,0.5139784354731407
